timestamp,station,rainfall_mm,source
2026-01-17T07:35:40.540489,IBALAN17,0.0,weather
2026-01-17T07:35:40.540489,ITABAL8,0.0,weather
2026-01-17T07:35:40.540489,ITABAL9,0.99,weather
2026-01-17T07:38:28.553803,IBALAN17,0.0,weather
2026-01-17T07:38:28.553803,ITABAL8,0.0,weather
2026-01-17T07:38:28.553803,ITABAL9,0.99,weather
2026-01-17T07:43:14.849756,IBALAN17,0.0,weather
2026-01-17T07:43:14.849756,ITABAL8,0.0,weather
2026-01-17T07:43:14.849756,ITABAL9,0.99,weather
2026-01-17T07:48:50.234518,IBALAN17,0.0,weather
2026-01-17T07:48:50.234518,ITABAL8,0.0,weather
2026-01-17T07:48:50.234518,ITABAL9,0.99,weather
2026-01-17T07:51:47.671983,IBALAN17,0.0,weather
2026-01-17T07:51:47.671983,ITABAL8,0.0,weather
2026-01-17T07:51:47.671983,ITABAL9,0.99,weather
2026-01-17T07:53:46.135698,IBALAN17,0.0,weather
2026-01-17T07:53:46.135698,ITABAL8,0.0,weather
2026-01-17T07:53:46.135698,ITABAL9,0.99,weather
2026-01-17T07:59:56.359123,IBALAN17,0.0,weather
2026-01-17T07:59:56.359123,ITABAL8,0.0,weather
2026-01-17T07:59:56.359123,ITABAL9,0.99,weather
2026-01-17T08:02:12.889483,IBALAN17,0.0,weather
2026-01-17T08:02:12.889483,ITABAL8,0.0,weather
2026-01-17T08:02:12.889483,ITABAL9,0.99,weather
2026-01-17T08:34:32.333958,IBALAN17,0.0,weather
2026-01-17T08:34:32.333958,ITABAL8,0.0,weather
2026-01-17T08:34:32.333958,ITABAL9,0.99,weather
2026-01-17T08:52:38.745339,IBALAN17,0.0,weather
2026-01-17T08:52:38.745339,ITABAL8,0.0,weather
2026-01-17T08:52:38.745339,ITABAL9,0.99,weather
2026-01-17T09:01:17.588198,IBALAN17,0.0,weather
2026-01-17T09:01:17.588198,ITABAL8,0.0,weather
2026-01-17T09:01:17.588198,ITABAL9,0.99,weather
2026-01-17T09:29:04.703415,IBALAN17,0.0,weather
2026-01-17T09:29:04.703415,ITABAL8,0.0,weather
2026-01-17T09:29:04.703415,ITABAL9,0.99,weather
2026-01-17T09:42:39.460472,IBALAN17,0.0,weather
2026-01-17T09:42:39.460472,ITABAL8,0.0,weather
2026-01-17T09:42:39.460472,ITABAL9,0.99,weather
2026-01-17T09:51:20.958287,IBALAN17,0.0,weather
2026-01-17T09:51:20.958287,ITABAL8,0.0,weather
2026-01-17T09:51:20.958287,ITABAL9,0.99,weather
2026-01-17T09:59:52.601460,IBALAN17,0.0,weather
2026-01-17T09:59:52.601460,ITABAL8,0.0,weather
2026-01-17T09:59:52.601460,ITABAL9,0.99,weather
2026-01-17T10:26:58.585909,IBALAN17,0.0,weather
2026-01-17T10:26:58.585909,ITABAL8,0.0,weather
2026-01-17T10:26:58.585909,ITABAL9,0.99,weather
2026-01-17T10:43:49.819114,IBALAN17,0.0,weather
2026-01-17T10:43:49.819114,ITABAL8,0.0,weather
2026-01-17T10:43:49.819114,ITABAL9,0.99,weather
2026-01-17T10:53:03.783707,IBALAN17,0.0,weather
2026-01-17T10:53:03.783707,ITABAL8,0.0,weather
2026-01-17T10:53:03.783707,ITABAL9,0.99,weather
2026-01-17T11:08:39.405517,IBALAN17,0.0,weather
2026-01-17T11:08:39.405517,ITABAL8,0.0,weather
2026-01-17T11:08:39.405517,ITABAL9,0.99,weather
2026-01-17T11:26:56.828260,IBALAN17,0.0,weather
2026-01-17T11:26:56.828260,ITABAL8,0.0,weather
2026-01-17T11:26:56.828260,ITABAL9,0.99,weather
2026-01-17T11:38:08.620252,IBALAN17,0.0,weather
2026-01-17T11:38:08.620252,ITABAL8,0.0,weather
2026-01-17T11:38:08.620252,ITABAL9,0.99,weather
2026-01-17T11:46:36.946661,IBALAN17,0.0,weather
2026-01-17T11:46:36.946661,ITABAL8,0.0,weather
2026-01-17T11:46:36.946661,ITABAL9,0.99,weather
2026-01-17T11:55:17.108186,IBALAN17,0.0,weather
2026-01-17T11:55:17.108186,ITABAL8,0.0,weather
2026-01-17T11:55:17.108186,ITABAL9,0.99,weather
2026-01-17T12:29:20.745825,IBALAN17,0.0,weather
2026-01-17T12:29:20.745825,ITABAL8,0.0,weather
2026-01-17T12:29:20.745825,ITABAL9,0.99,weather
2026-01-17T13:07:34.930385,IBALAN17,0.0,weather
2026-01-17T13:07:34.930385,ITABAL8,0.0,weather
2026-01-17T13:07:34.930385,ITABAL9,0.99,weather
2026-01-17T13:37:31.942792,IBALAN17,0.0,weather
2026-01-17T13:37:31.942792,ITABAL8,0.0,weather
2026-01-17T13:37:31.942792,ITABAL9,0.99,weather
2026-01-17T13:49:21.459841,IBALAN17,0.0,weather
2026-01-17T13:49:21.459841,ITABAL8,0.0,weather
2026-01-17T13:49:21.459841,ITABAL9,0.99,weather
2026-01-17T13:57:53.773650,IBALAN17,0.0,weather
2026-01-17T13:57:53.773650,ITABAL8,0.0,weather
2026-01-17T13:57:53.773650,ITABAL9,0.99,weather
2026-01-17T14:20:31.946883,IBALAN17,0.0,weather
2026-01-17T14:20:31.946883,ITABAL8,0.0,weather
2026-01-17T14:20:31.946883,ITABAL9,0.99,weather
2026-01-17T14:38:55.180214,IBALAN17,0.0,weather
2026-01-17T14:38:55.180214,ITABAL8,0.0,weather
2026-01-17T14:38:55.180214,ITABAL9,0.99,weather
2026-01-17T14:50:01.193213,IBALAN17,0.0,weather
2026-01-17T14:50:01.193213,ITABAL8,0.0,weather
2026-01-17T14:50:01.193213,ITABAL9,0.99,weather
2026-01-17T14:58:35.949362,IBALAN17,0.0,weather
2026-01-17T14:58:35.949362,ITABAL8,0.0,weather
2026-01-17T14:58:35.949362,ITABAL9,0.99,weather
2026-01-17T15:23:05.201078,IBALAN17,0.0,weather
2026-01-17T15:23:05.201078,ITABAL8,0.0,weather
2026-01-17T15:23:05.201078,ITABAL9,0.99,weather
2026-01-17T15:38:26.149446,IBALAN17,0.0,weather
2026-01-17T15:38:26.149446,ITABAL8,0.0,weather
2026-01-17T15:38:26.149446,ITABAL9,0.99,weather
2026-01-17T15:49:13.183037,IBALAN17,0.0,weather
2026-01-17T15:49:13.183037,ITABAL8,0.0,weather
2026-01-17T15:49:13.183037,ITABAL9,0.99,weather
2026-01-17T15:57:22.733269,IBALAN17,0.0,weather
2026-01-17T15:57:22.733269,ITABAL8,0.0,weather
2026-01-17T15:57:22.733269,ITABAL9,0.99,weather
2026-01-17T16:23:27.165843,IBALAN17,0.0,weather
2026-01-17T16:23:27.165843,ITABAL8,0.79,weather
2026-01-17T16:23:27.165843,ITABAL9,0.99,weather
2026-01-17T16:43:06.748119,IBALAN17,0.0,weather
2026-01-17T16:43:06.748119,ITABAL8,0.79,weather
2026-01-17T16:43:06.748119,ITABAL9,0.99,weather
2026-01-17T16:54:32.788703,IBALAN17,0.0,weather
2026-01-17T16:54:32.788703,ITABAL8,0.79,weather
2026-01-17T16:54:32.788703,ITABAL9,0.99,weather
2026-01-17T17:11:40.551926,IBALAN17,0.0,weather
2026-01-17T17:11:40.551926,ITABAL8,0.79,weather
2026-01-17T17:11:40.551926,ITABAL9,0.0,weather
2026-01-17T17:31:13.744879,IBALAN17,0.0,weather
2026-01-17T17:31:13.744879,ITABAL8,0.79,weather
2026-01-17T17:31:13.744879,ITABAL9,0.0,weather
2026-01-17T17:43:57.354480,IBALAN17,0.0,weather
2026-01-17T17:43:57.354480,ITABAL8,0.79,weather
2026-01-17T17:43:57.354480,ITABAL9,0.0,weather
2026-01-17T17:52:28.219508,IBALAN17,0.0,weather
2026-01-17T17:52:28.219508,ITABAL8,0.79,weather
2026-01-17T17:52:28.219508,ITABAL9,0.0,weather
2026-01-17T18:00:36.466720,IBALAN17,0.0,weather
2026-01-17T18:00:36.466720,ITABAL8,9.19,weather
2026-01-17T18:00:36.466720,ITABAL9,7.19,weather
2026-01-17T18:38:36.963608,IBALAN17,0.0,weather
2026-01-17T18:38:36.963608,ITABAL8,9.7,weather
2026-01-17T18:38:36.963608,ITABAL9,7.19,weather
2026-01-17T18:54:50.763964,ITABAL8,9.7,weather
2026-01-17T18:54:50.763964,ITABAL9,7.19,weather
2026-01-17T19:11:00.671700,ITABAL8,9.7,weather
2026-01-17T19:11:00.671700,ITABAL9,7.19,weather
2026-01-17T19:26:18.353707,ITABAL8,9.7,weather
2026-01-17T19:26:18.353707,ITABAL9,7.19,weather
2026-01-17T19:36:48.409052,ITABAL8,9.7,weather
2026-01-17T19:36:48.409052,ITABAL9,7.19,weather
2026-01-17T19:44:41.769286,ITABAL8,9.7,weather
2026-01-17T19:44:41.769286,ITABAL9,7.19,weather
2026-01-17T19:53:12.843805,ITABAL8,9.7,weather
2026-01-17T19:53:12.843805,ITABAL9,7.19,weather
2026-01-17T20:10:43.481529,ITABAL8,9.7,weather
2026-01-17T20:10:43.481529,ITABAL9,7.19,weather
2026-01-17T20:33:44.042807,ITABAL8,9.7,weather
2026-01-17T20:33:44.042807,ITABAL9,7.19,weather
2026-01-17T20:47:05.517562,ITABAL8,9.7,weather
2026-01-17T20:47:05.517562,ITABAL9,7.19,weather
2026-01-17T20:55:48.960631,ITABAL8,9.7,weather
2026-01-17T20:55:48.960631,ITABAL9,7.19,weather
2026-01-17T21:14:43.333078,IBALAN17,0.0,weather
2026-01-17T21:14:43.333078,ITABAL8,9.7,weather
2026-01-17T21:14:43.333078,ITABAL9,7.19,weather
2026-01-17T21:31:09.533169,IBALAN17,0.0,weather
2026-01-17T21:31:09.533169,ITABAL8,9.7,weather
2026-01-17T21:31:09.533169,ITABAL9,7.19,weather
2026-01-17T21:43:03.378296,IBALAN17,0.0,weather
2026-01-17T21:43:03.378296,ITABAL8,9.7,weather
2026-01-17T21:43:03.378296,ITABAL9,7.19,weather
2026-01-17T21:51:39.393339,IBALAN17,0.0,weather
2026-01-17T21:51:39.393339,ITABAL8,9.7,weather
2026-01-17T21:51:39.393339,ITABAL9,7.19,weather
2026-01-17T21:59:36.550236,IBALAN17,0.0,weather
2026-01-17T21:59:36.550236,ITABAL8,9.7,weather
2026-01-17T21:59:36.550236,ITABAL9,7.19,weather
2026-01-17T22:25:32.127789,IBALAN17,0.0,weather
2026-01-17T22:25:32.127789,ITABAL8,9.7,weather
2026-01-17T22:25:32.127789,ITABAL9,7.19,weather
2026-01-17T22:41:59.344240,IBALAN17,0.0,weather
2026-01-17T22:41:59.344240,ITABAL8,9.7,weather
2026-01-17T22:41:59.344240,ITABAL9,7.19,weather
2026-01-17T22:52:02.414997,IBALAN17,0.0,weather
2026-01-17T22:52:02.414997,ITABAL8,9.7,weather
2026-01-17T22:52:02.414997,ITABAL9,7.19,weather
2026-01-17T23:00:20.619892,IBALAN17,0.0,weather
2026-01-17T23:00:20.619892,ITABAL8,9.7,weather
2026-01-17T23:00:20.619892,ITABAL9,7.19,weather
2026-01-17T23:26:35.921843,IBALAN17,0.0,weather
2026-01-17T23:26:35.921843,ITABAL8,9.7,weather
2026-01-17T23:26:35.921843,ITABAL9,7.19,weather
2026-01-17T23:39:53.915492,IBALAN17,0.0,weather
2026-01-17T23:39:53.915492,ITABAL8,9.7,weather
2026-01-17T23:39:53.915492,ITABAL9,7.19,weather
2026-01-17T23:49:16.070170,IBALAN17,0.0,weather
2026-01-17T23:49:16.070170,ITABAL8,9.7,weather
2026-01-17T23:49:16.070170,ITABAL9,7.19,weather
2026-01-17T23:57:44.977413,IBALAN17,0.0,weather
2026-01-17T23:57:44.977413,ITABAL8,9.7,weather
2026-01-17T23:57:44.977413,ITABAL9,7.19,weather
2026-01-18T01:56:37.036351,IBALAN17,0.0,weather
2026-01-18T01:56:37.036351,ITABAL8,9.7,weather
2026-01-18T01:56:37.036351,ITABAL9,7.19,weather
2026-01-18T03:44:21.534380,IBALAN17,0.0,weather
2026-01-18T03:44:21.534380,ITABAL8,9.7,weather
2026-01-18T03:44:21.534380,ITABAL9,7.19,weather
2026-01-18T04:31:41.834741,IBALAN17,0.0,weather
2026-01-18T04:31:41.834741,ITABAL8,9.7,weather
2026-01-18T04:31:41.834741,ITABAL9,7.19,weather
2026-01-18T04:59:11.927658,IBALAN17,0.0,weather
2026-01-18T04:59:11.927658,ITABAL8,9.7,weather
2026-01-18T04:59:11.927658,ITABAL9,7.19,weather
2026-01-18T05:28:23.898093,IBALAN17,0.0,weather
2026-01-18T05:28:23.898093,ITABAL8,9.7,weather
2026-01-18T05:28:23.898093,ITABAL9,7.19,weather
2026-01-18T05:47:16.567835,IBALAN17,0.0,weather
2026-01-18T05:47:16.567835,ITABAL8,9.7,weather
2026-01-18T05:47:16.567835,ITABAL9,7.19,weather
2026-01-18T05:56:26.403340,IBALAN17,0.0,weather
2026-01-18T05:56:26.403340,ITABAL8,9.7,weather
2026-01-18T05:56:26.403340,ITABAL9,7.19,weather
2026-01-18T06:28:19.876607,IBALAN17,0.0,weather
2026-01-18T06:28:19.876607,ITABAL8,9.7,weather
2026-01-18T06:28:19.876607,ITABAL9,7.19,weather
2026-01-18T06:54:04.984650,IBALAN17,0.0,weather
2026-01-18T06:54:04.984650,ITABAL8,9.7,weather
2026-01-18T06:54:04.984650,ITABAL9,7.19,weather
2026-01-18T07:02:39.179515,IBALAN17,0.0,weather
2026-01-18T07:02:39.179515,ITABAL8,9.7,weather
2026-01-18T07:02:39.179515,ITABAL9,7.19,weather
2026-01-18T07:13:38.073934,IBALAN17,0.0,weather
2026-01-18T07:13:38.073934,ITABAL8,9.7,weather
2026-01-18T07:13:38.073934,ITABAL9,7.19,weather
2026-01-18T07:18:11.301261,IBALAN17,0.0,weather
2026-01-18T07:18:11.301261,ITABAL8,9.7,weather
2026-01-18T07:18:11.301261,ITABAL9,7.19,weather
2026-01-18T07:31:24.295582,IBALAN17,0.0,weather
2026-01-18T07:31:24.295582,ITABAL8,9.7,weather
2026-01-18T07:31:24.295582,ITABAL9,7.19,weather
2026-01-18T07:32:21.181694,IBALAN17,0.0,weather
2026-01-18T07:32:21.181694,ITABAL8,9.7,weather
2026-01-18T07:32:21.181694,ITABAL9,7.19,weather
2026-01-18T07:36:12.122646,IBALAN17,0.0,weather
2026-01-18T07:36:12.122646,ITABAL8,9.7,weather
2026-01-18T07:36:12.122646,ITABAL9,7.19,weather
2026-01-18T07:44:03.473293,IBALAN17,0.0,weather
2026-01-18T07:44:03.473293,ITABAL8,9.7,weather
2026-01-18T07:44:03.473293,ITABAL9,7.19,weather
2026-01-18T07:52:14.042786,IBALAN17,0.0,weather
2026-01-18T07:52:14.042786,ITABAL8,9.7,weather
2026-01-18T07:52:14.042786,ITABAL9,7.19,weather
2026-01-18T08:00:17.712275,IBALAN17,0.0,weather
2026-01-18T08:00:17.712275,ITABAL8,9.7,weather
2026-01-18T08:00:17.712275,ITABAL9,7.19,weather
2026-01-18T08:10:55.808319,IBALAN17,0.0,weather
2026-01-18T08:10:55.808319,ITABAL8,9.7,weather
2026-01-18T08:10:55.808319,ITABAL9,7.19,weather
2026-01-18T16:12,VP SABANG TIMUR SIS,0.0,meteobot
2026-01-18T16:10,VP OB 1 SIS,0.0,meteobot
2026-01-18T16:12,PITSTOP AMBON SIS,0.0,meteobot
2026-01-18T16:12,CSA BONTANG SIS,0.0,meteobot
2026-01-18T08:35:35.109288,IBALAN17,0.0,weather
2026-01-18T08:35:35.109288,ITABAL8,9.7,weather
2026-01-18T08:35:35.109288,ITABAL9,7.19,weather
2026-01-18T16:37,VP SABANG TIMUR SIS,0.0,meteobot
2026-01-18T16:35,VP OB 1 SIS,0.0,meteobot
2026-01-18T16:36,PITSTOP AMBON SIS,0.0,meteobot
2026-01-18T16:37,CSA BONTANG SIS,0.0,meteobot
2026-01-18T08:53:00.769073,IBALAN17,0.0,weather
2026-01-18T08:53:00.769073,ITABAL8,9.7,weather
2026-01-18T08:53:00.769073,ITABAL9,7.19,weather
2026-01-18T16:54,VP SABANG TIMUR SIS,0.0,meteobot
2026-01-18T16:53,VP OB 1 SIS,0.0,meteobot
2026-01-18T16:54,PITSTOP AMBON SIS,0.0,meteobot
2026-01-18T16:54,CSA BONTANG SIS,0.0,meteobot
2026-01-18T09:10:37.150503,IBALAN17,0.0,weather
2026-01-18T09:10:37.150503,ITABAL8,9.7,weather
2026-01-18T09:10:37.150503,ITABAL9,7.19,weather
2026-01-18T17:12,VP SABANG TIMUR SIS,0.0,meteobot
2026-01-18T17:10,VP OB 1 SIS,0.0,meteobot
2026-01-18T17:11,PITSTOP AMBON SIS,0.0,meteobot
2026-01-18T17:12,CSA BONTANG SIS,0.0,meteobot
2026-01-18T09:33:00.840025,IBALAN17,0.0,weather
2026-01-18T09:33:00.840025,ITABAL8,9.7,weather
2026-01-18T09:33:00.840025,ITABAL9,7.19,weather
2026-01-18T17:34,VP SABANG TIMUR SIS,0.0,meteobot
2026-01-18T17:32,VP OB 1 SIS,0.0,meteobot
2026-01-18T17:34,PITSTOP AMBON SIS,0.0,meteobot
2026-01-18T17:34,CSA BONTANG SIS,0.0,meteobot
2026-01-18T09:46:14.346865,IBALAN17,0.0,weather
2026-01-18T09:46:14.346865,ITABAL8,9.7,weather
2026-01-18T09:46:14.346865,ITABAL9,7.19,weather
2026-01-18T17:48,VP SABANG TIMUR SIS,0.0,meteobot
2026-01-18T17:46,VP OB 1 SIS,0.0,meteobot
2026-01-18T17:47,PITSTOP AMBON SIS,0.0,meteobot
2026-01-18T17:48,CSA BONTANG SIS,0.0,meteobot
2026-01-18T09:54:51.211412,IBALAN17,0.0,weather
2026-01-18T09:54:51.211412,ITABAL8,9.7,weather
2026-01-18T09:54:51.211412,ITABAL9,7.19,weather
2026-01-18T17:56,VP SABANG TIMUR SIS,0.0,meteobot
2026-01-18T17:54,VP OB 1 SIS,0.0,meteobot
2026-01-18T17:56,PITSTOP AMBON SIS,0.0,meteobot
2026-01-18T17:56,CSA BONTANG SIS,0.0,meteobot
2026-01-18T10:15:12.737645,IBALAN17,0.0,weather
2026-01-18T10:15:12.737645,ITABAL8,9.7,weather
2026-01-18T10:15:12.737645,ITABAL9,7.19,weather
2026-01-18T18:17,VP SABANG TIMUR SIS,0.0,meteobot
2026-01-18T18:15,VP OB 1 SIS,0.0,meteobot
2026-01-18T18:16,PITSTOP AMBON SIS,0.0,meteobot
2026-01-18T18:17,CSA BONTANG SIS,0.0,meteobot
2026-01-18T10:39:20.054389,IBALAN17,0.0,weather
2026-01-18T10:39:20.054389,ITABAL8,9.7,weather
2026-01-18T10:39:20.054389,ITABAL9,7.19,weather
2026-01-18T18:41,VP SABANG TIMUR SIS,0.0,meteobot
2026-01-18T18:39,VP OB 1 SIS,0.0,meteobot
2026-01-18T18:40,PITSTOP AMBON SIS,0.0,meteobot
2026-01-18T18:41,CSA BONTANG SIS,0.0,meteobot
2026-01-18T10:51:19.562927,IBALAN17,0.0,weather
2026-01-18T10:51:19.562927,ITABAL8,9.7,weather
2026-01-18T10:51:19.562927,ITABAL9,7.19,weather
2026-01-18T18:53,VP SABANG TIMUR SIS,0.0,meteobot
2026-01-18T18:51,VP OB 1 SIS,0.0,meteobot
2026-01-18T18:52,PITSTOP AMBON SIS,0.0,meteobot
2026-01-18T18:53,CSA BONTANG SIS,0.0,meteobot
2026-01-18T10:59:10.653236,IBALAN17,0.0,weather
2026-01-18T10:59:10.653236,ITABAL8,9.7,weather
2026-01-18T10:59:10.653236,ITABAL9,7.19,weather
2026-01-18T19:00,VP SABANG TIMUR SIS,0.0,meteobot
2026-01-18T18:59,VP OB 1 SIS,0.0,meteobot
2026-01-18T19:00,PITSTOP AMBON SIS,0.0,meteobot
2026-01-18T19:01,CSA BONTANG SIS,0.0,meteobot
2026-01-18T11:20:16.415541,IBALAN17,0.0,weather
2026-01-18T11:20:16.415541,ITABAL8,9.7,weather
2026-01-18T11:20:16.415541,ITABAL9,7.19,weather
2026-01-18T19:22,VP SABANG TIMUR SIS,0.0,meteobot
2026-01-18T19:20,VP OB 1 SIS,0.0,meteobot
2026-01-18T19:21,PITSTOP AMBON SIS,0.0,meteobot
2026-01-18T19:22,CSA BONTANG SIS,0.0,meteobot
2026-01-18T11:31:22.727173,IBALAN17,0.0,weather
2026-01-18T11:31:22.727173,ITABAL8,9.7,weather
2026-01-18T11:31:22.727173,ITABAL9,7.19,weather
2026-01-18T19:33,VP SABANG TIMUR SIS,0.0,meteobot
2026-01-18T19:31,VP OB 1 SIS,0.0,meteobot
2026-01-18T19:32,PITSTOP AMBON SIS,0.0,meteobot
2026-01-18T19:33,CSA BONTANG SIS,0.0,meteobot
2026-01-18T11:42:13.629003,IBALAN17,0.0,weather
2026-01-18T11:42:13.629003,ITABAL8,9.7,weather
2026-01-18T11:42:13.629003,ITABAL9,7.19,weather
2026-01-18T19:44,VP SABANG TIMUR SIS,0.0,meteobot
2026-01-18T19:42,VP OB 1 SIS,0.0,meteobot
2026-01-18T19:43,PITSTOP AMBON SIS,0.0,meteobot
2026-01-18T19:44,CSA BONTANG SIS,0.0,meteobot
2026-01-18T11:50:40.303888,IBALAN17,0.0,weather
2026-01-18T11:50:40.303888,ITABAL8,9.7,weather
2026-01-18T11:50:40.303888,ITABAL9,7.19,weather
2026-01-18T19:52,VP SABANG TIMUR SIS,0.0,meteobot
2026-01-18T19:50,VP OB 1 SIS,0.0,meteobot
2026-01-18T19:51,PITSTOP AMBON SIS,0.0,meteobot
2026-01-18T19:52,CSA BONTANG SIS,0.0,meteobot
2026-01-18T11:58:37.121091,IBALAN17,0.0,weather
2026-01-18T11:58:37.121091,ITABAL8,9.7,weather
2026-01-18T11:58:37.121091,ITABAL9,7.19,weather
2026-01-18T20:00,VP SABANG TIMUR SIS,0.0,meteobot
2026-01-18T19:58,VP OB 1 SIS,0.0,meteobot
2026-01-18T19:59,PITSTOP AMBON SIS,0.0,meteobot
2026-01-18T20:00,CSA BONTANG SIS,0.0,meteobot
2026-01-18T12:46:26.307868,IBALAN17,0.0,weather
2026-01-18T12:46:26.307868,ITABAL8,9.7,weather
2026-01-18T12:46:26.307868,ITABAL9,7.19,weather
2026-01-18T20:48,VP SABANG TIMUR SIS,0.0,meteobot
2026-01-18T20:46,VP OB 1 SIS,0.0,meteobot
2026-01-18T20:47,PITSTOP AMBON SIS,0.0,meteobot
2026-01-18T20:48,CSA BONTANG SIS,0.0,meteobot
2026-01-18T13:19:49.842460,IBALAN17,0.0,weather
2026-01-18T13:19:49.842460,ITABAL8,9.7,weather
2026-01-18T13:19:49.842460,ITABAL9,7.19,weather
2026-01-18T21:21,VP SABANG TIMUR SIS,0.0,meteobot
2026-01-18T21:19,VP OB 1 SIS,0.0,meteobot
2026-01-18T21:21,PITSTOP AMBON SIS,0.0,meteobot
2026-01-18T21:21,CSA BONTANG SIS,0.0,meteobot
2026-01-18T13:43:19.436636,IBALAN17,0.0,weather
2026-01-18T13:43:19.436636,ITABAL8,9.7,weather
2026-01-18T13:43:19.436636,ITABAL9,7.19,weather
2026-01-18T21:45,VP SABANG TIMUR SIS,0.0,meteobot
2026-01-18T21:43,VP OB 1 SIS,0.0,meteobot
2026-01-18T21:44,PITSTOP AMBON SIS,0.0,meteobot
2026-01-18T21:45,CSA BONTANG SIS,0.0,meteobot
2026-01-18T13:53:03.559673,IBALAN17,0.0,weather
2026-01-18T13:53:03.559673,ITABAL8,9.7,weather
2026-01-18T13:53:03.559673,ITABAL9,7.19,weather
2026-01-18T21:54,VP SABANG TIMUR SIS,0.0,meteobot
2026-01-18T21:53,VP OB 1 SIS,0.0,meteobot
2026-01-18T21:54,PITSTOP AMBON SIS,0.0,meteobot
2026-01-18T21:54,CSA BONTANG SIS,0.0,meteobot
2026-01-18T14:09:38.374375,IBALAN17,0.0,weather
2026-01-18T14:09:38.374375,ITABAL8,9.7,weather
2026-01-18T14:09:38.374375,ITABAL9,7.19,weather
2026-01-18T22:11,VP SABANG TIMUR SIS,0.0,meteobot
2026-01-18T22:09,VP OB 1 SIS,0.0,meteobot
2026-01-18T22:10,PITSTOP AMBON SIS,0.0,meteobot
2026-01-18T22:11,CSA BONTANG SIS,0.0,meteobot
2026-01-18T14:32:12.407304,IBALAN17,0.0,weather
2026-01-18T14:32:12.407304,ITABAL8,9.7,weather
2026-01-18T14:32:12.407304,ITABAL9,7.19,weather
2026-01-18T22:34,VP SABANG TIMUR SIS,0.0,meteobot
2026-01-18T22:32,VP OB 1 SIS,0.0,meteobot
2026-01-18T22:33,PITSTOP AMBON SIS,0.0,meteobot
2026-01-18T22:34,CSA BONTANG SIS,0.0,meteobot
2026-01-18T14:45:25.084526,IBALAN17,0.0,weather
2026-01-18T14:45:25.084526,ITABAL8,9.7,weather
2026-01-18T14:45:25.084526,ITABAL9,7.19,weather
2026-01-18T22:47,VP SABANG TIMUR SIS,0.0,meteobot
2026-01-18T22:45,VP OB 1 SIS,0.0,meteobot
2026-01-18T22:46,PITSTOP AMBON SIS,0.0,meteobot
2026-01-18T22:47,CSA BONTANG SIS,0.0,meteobot
2026-01-18T14:53:12.282210,IBALAN17,0.0,weather
2026-01-18T14:53:12.282210,ITABAL8,9.7,weather
2026-01-18T14:53:12.282210,ITABAL9,7.19,weather
2026-01-18T22:54,VP SABANG TIMUR SIS,0.0,meteobot
2026-01-18T22:53,VP OB 1 SIS,0.0,meteobot
2026-01-18T22:54,PITSTOP AMBON SIS,0.0,meteobot
2026-01-18T22:55,CSA BONTANG SIS,0.0,meteobot
2026-01-18T15:09:58.502644,IBALAN17,0.0,weather
2026-01-18T15:09:58.502644,ITABAL8,9.7,weather
2026-01-18T15:09:58.502644,ITABAL9,7.19,weather
2026-01-18T23:11,VP SABANG TIMUR SIS,0.0,meteobot
2026-01-18T23:09,VP OB 1 SIS,0.0,meteobot
2026-01-18T23:11,PITSTOP AMBON SIS,0.0,meteobot
2026-01-18T23:11,CSA BONTANG SIS,0.0,meteobot
2026-01-18T15:31:05.076164,IBALAN17,0.0,weather
2026-01-18T15:31:05.076164,ITABAL8,9.7,weather
2026-01-18T15:31:05.076164,ITABAL9,7.19,weather
2026-01-18T23:32,VP SABANG TIMUR SIS,0.0,meteobot
2026-01-18T23:31,VP OB 1 SIS,0.0,meteobot
2026-01-18T23:32,PITSTOP AMBON SIS,0.0,meteobot
2026-01-18T23:32,CSA BONTANG SIS,0.0,meteobot
2026-01-18T15:43:44.653238,IBALAN17,0.0,weather
2026-01-18T15:43:44.653238,ITABAL8,9.7,weather
2026-01-18T15:43:44.653238,ITABAL9,7.19,weather
2026-01-18T23:45,VP SABANG TIMUR SIS,0.0,meteobot
2026-01-18T23:43,VP OB 1 SIS,0.0,meteobot
2026-01-18T23:45,PITSTOP AMBON SIS,0.0,meteobot
2026-01-18T23:45,CSA BONTANG SIS,0.0,meteobot
2026-01-18T15:52:24.902149,IBALAN17,0.0,weather
2026-01-18T15:52:24.902149,ITABAL8,9.7,weather
2026-01-18T15:52:24.902149,ITABAL9,7.19,weather
2026-01-18T23:54,VP SABANG TIMUR SIS,0.0,meteobot
2026-01-18T23:52,VP OB 1 SIS,0.0,meteobot
2026-01-18T23:53,PITSTOP AMBON SIS,0.0,meteobot
2026-01-18T23:54,CSA BONTANG SIS,0.0,meteobot
2026-01-18T16:00:25.998872,IBALAN17,0.0,weather
2026-01-18T16:00:25.998872,ITABAL8,9.7,weather
2026-01-18T16:00:25.998872,ITABAL9,7.19,weather
2026-01-18T23:59,VP SABANG TIMUR SIS,0.0,meteobot
2026-01-18T23:59,VP OB 1 SIS,0.0,meteobot
2026-01-18T23:59,PITSTOP AMBON SIS,0.0,meteobot
2026-01-18T23:59,CSA BONTANG SIS,0.0,meteobot
2026-01-18T16:34:02.969631,IBALAN17,0.0,weather
2026-01-18T16:34:02.969631,ITABAL8,9.7,weather
2026-01-18T16:34:02.969631,ITABAL9,7.19,weather
2026-01-18T23:59,VP SABANG TIMUR SIS,0.0,meteobot
2026-01-18T23:59,VP OB 1 SIS,0.0,meteobot
2026-01-18T23:59,PITSTOP AMBON SIS,0.0,meteobot
2026-01-18T23:59,CSA BONTANG SIS,0.0,meteobot
2026-01-18T16:51:02.905030,IBALAN17,0.0,weather
2026-01-18T16:51:02.905030,ITABAL8,9.7,weather
2026-01-18T16:51:02.905030,ITABAL9,7.19,weather
2026-01-18T23:59,VP SABANG TIMUR SIS,0.0,meteobot
2026-01-18T23:59,VP OB 1 SIS,0.0,meteobot
2026-01-18T23:59,PITSTOP AMBON SIS,0.0,meteobot
2026-01-18T23:59,CSA BONTANG SIS,0.0,meteobot
2026-01-18T16:59:07.109506,IBALAN17,0.0,weather
2026-01-18T16:59:07.109506,ITABAL8,9.7,weather
2026-01-18T16:59:07.109506,ITABAL9,7.19,weather
2026-01-18T23:59,VP SABANG TIMUR SIS,0.0,meteobot
2026-01-18T23:59,VP OB 1 SIS,0.0,meteobot
2026-01-18T23:59,PITSTOP AMBON SIS,0.0,meteobot
2026-01-18T23:59,CSA BONTANG SIS,0.0,meteobot
2026-01-18T17:21:58.645696,IBALAN17,0.0,weather
2026-01-18T17:21:58.645696,ITABAL8,9.7,weather
2026-01-18T17:21:58.645696,ITABAL9,0.0,weather
2026-01-18T23:59,VP SABANG TIMUR SIS,0.0,meteobot
2026-01-18T23:59,VP OB 1 SIS,0.0,meteobot
2026-01-18T23:59,PITSTOP AMBON SIS,0.0,meteobot
2026-01-18T23:59,CSA BONTANG SIS,0.0,meteobot
2026-01-18T17:38:42.518923,IBALAN17,0.0,weather
2026-01-18T17:38:42.518923,ITABAL8,9.7,weather
2026-01-18T17:38:42.518923,ITABAL9,0.0,weather
2026-01-18T23:59,VP SABANG TIMUR SIS,0.0,meteobot
2026-01-18T23:59,VP OB 1 SIS,0.0,meteobot
2026-01-18T23:59,PITSTOP AMBON SIS,0.0,meteobot
2026-01-18T23:59,CSA BONTANG SIS,0.0,meteobot
2026-01-18T17:48:31.180575,IBALAN17,0.0,weather
2026-01-18T17:48:31.180575,ITABAL8,9.7,weather
2026-01-18T17:48:31.180575,ITABAL9,0.0,weather
2026-01-18T23:59,VP SABANG TIMUR SIS,0.0,meteobot
2026-01-18T23:59,VP OB 1 SIS,0.0,meteobot
2026-01-18T23:59,PITSTOP AMBON SIS,0.0,meteobot
2026-01-18T23:59,CSA BONTANG SIS,0.0,meteobot
2026-01-18T17:56:57.993522,IBALAN17,0.0,weather
2026-01-18T17:56:57.993522,ITABAL8,9.7,weather
2026-01-18T17:56:57.993522,ITABAL9,0.0,weather
2026-01-18T23:59,VP SABANG TIMUR SIS,0.0,meteobot
2026-01-18T23:59,VP OB 1 SIS,0.0,meteobot
2026-01-18T23:59,PITSTOP AMBON SIS,0.0,meteobot
2026-01-18T23:59,CSA BONTANG SIS,0.0,meteobot
2026-01-18T18:27:15.940759,IBALAN17,0.0,weather
2026-01-18T18:27:15.940759,ITABAL8,9.7,weather
2026-01-18T18:27:15.940759,ITABAL9,0.0,weather
2026-01-18T23:59,VP SABANG TIMUR SIS,0.0,meteobot
2026-01-18T23:59,VP OB 1 SIS,0.0,meteobot
2026-01-18T23:59,PITSTOP AMBON SIS,0.0,meteobot
2026-01-18T23:59,CSA BONTANG SIS,0.0,meteobot
2026-01-18T18:49:35.566838,IBALAN17,0.0,weather
2026-01-18T18:49:35.566838,ITABAL8,9.7,weather
2026-01-18T18:49:35.566838,ITABAL9,0.0,weather
2026-01-18T23:59,VP SABANG TIMUR SIS,0.0,meteobot
2026-01-18T23:59,VP OB 1 SIS,0.0,meteobot
2026-01-18T23:59,PITSTOP AMBON SIS,0.0,meteobot
2026-01-18T23:59,CSA BONTANG SIS,0.0,meteobot
2026-01-18T18:58:59.361503,IBALAN17,0.0,weather
2026-01-18T18:58:59.361503,ITABAL8,9.7,weather
2026-01-18T18:58:59.361503,ITABAL9,0.0,weather
2026-01-18T23:59,VP SABANG TIMUR SIS,0.0,meteobot
2026-01-18T23:59,VP OB 1 SIS,0.0,meteobot
2026-01-18T23:59,PITSTOP AMBON SIS,0.0,meteobot
2026-01-18T23:59,CSA BONTANG SIS,0.0,meteobot
2026-01-18T19:19:26.941109,IBALAN17,0.0,weather
2026-01-18T19:19:26.941109,ITABAL8,9.7,weather
2026-01-18T19:19:26.941109,ITABAL9,0.0,weather
2026-01-18T23:59,VP SABANG TIMUR SIS,0.0,meteobot
2026-01-18T23:59,VP OB 1 SIS,0.0,meteobot
2026-01-18T23:59,PITSTOP AMBON SIS,0.0,meteobot
2026-01-18T23:59,CSA BONTANG SIS,0.0,meteobot
2026-01-18T19:30:32.548195,IBALAN17,0.0,weather
2026-01-18T19:30:32.548195,ITABAL8,9.7,weather
2026-01-18T19:30:32.548195,ITABAL9,0.0,weather
2026-01-18T23:59,VP SABANG TIMUR SIS,0.0,meteobot
2026-01-18T23:59,VP OB 1 SIS,0.0,meteobot
2026-01-18T23:59,PITSTOP AMBON SIS,0.0,meteobot
2026-01-18T23:59,CSA BONTANG SIS,0.0,meteobot
2026-01-18T19:41:03.065333,IBALAN17,0.0,weather
2026-01-18T19:41:03.065333,ITABAL8,9.7,weather
2026-01-18T19:41:03.065333,ITABAL9,0.0,weather
2026-01-18T23:59,VP SABANG TIMUR SIS,0.0,meteobot
2026-01-18T23:59,VP OB 1 SIS,0.0,meteobot
2026-01-18T23:59,PITSTOP AMBON SIS,0.0,meteobot
2026-01-18T23:59,CSA BONTANG SIS,0.0,meteobot
2026-01-18T19:49:41.113603,IBALAN17,0.0,weather
2026-01-18T19:49:41.113603,ITABAL8,9.7,weather
2026-01-18T19:49:41.113603,ITABAL9,0.0,weather
2026-01-18T23:59,VP SABANG TIMUR SIS,0.0,meteobot
2026-01-18T23:59,VP OB 1 SIS,0.0,meteobot
2026-01-18T23:59,PITSTOP AMBON SIS,0.0,meteobot
2026-01-18T23:59,CSA BONTANG SIS,0.0,meteobot
2026-01-18T19:58:07.923055,IBALAN17,0.0,weather
2026-01-18T19:58:07.923055,ITABAL8,9.7,weather
2026-01-18T19:58:07.923055,ITABAL9,0.0,weather
2026-01-18T23:59,VP SABANG TIMUR SIS,0.0,meteobot
2026-01-18T23:59,VP OB 1 SIS,0.0,meteobot
2026-01-18T23:59,PITSTOP AMBON SIS,0.0,meteobot
2026-01-18T23:59,CSA BONTANG SIS,0.0,meteobot
2026-01-18T20:25:24.264243,IBALAN17,0.0,weather
2026-01-18T20:25:24.264243,ITABAL8,9.7,weather
2026-01-18T20:25:24.264243,ITABAL9,0.0,weather
2026-01-18T23:59,VP SABANG TIMUR SIS,0.0,meteobot
2026-01-18T23:59,VP OB 1 SIS,0.0,meteobot
2026-01-18T23:59,PITSTOP AMBON SIS,0.0,meteobot
2026-01-18T23:59,CSA BONTANG SIS,0.0,meteobot
2026-01-18T20:41:53.872117,IBALAN17,0.0,weather
2026-01-18T20:41:53.872117,ITABAL8,9.7,weather
2026-01-18T20:41:53.872117,ITABAL9,0.0,weather
2026-01-18T23:59,VP SABANG TIMUR SIS,0.0,meteobot
2026-01-18T23:59,VP OB 1 SIS,0.0,meteobot
2026-01-18T23:59,PITSTOP AMBON SIS,0.0,meteobot
2026-01-18T23:59,CSA BONTANG SIS,0.0,meteobot
2026-01-18T20:52:19.342634,IBALAN17,0.0,weather
2026-01-18T20:52:19.342634,ITABAL8,9.7,weather
2026-01-18T20:52:19.342634,ITABAL9,0.0,weather
2026-01-18T23:59,VP SABANG TIMUR SIS,0.0,meteobot
2026-01-18T23:59,VP OB 1 SIS,0.0,meteobot
2026-01-18T23:59,PITSTOP AMBON SIS,0.0,meteobot
2026-01-18T23:59,CSA BONTANG SIS,0.0,meteobot
2026-01-18T21:00:20.550134,IBALAN17,0.0,weather
2026-01-18T21:00:20.550134,ITABAL8,9.7,weather
2026-01-18T21:00:20.550134,ITABAL9,0.0,weather
2026-01-18T23:59,VP SABANG TIMUR SIS,0.0,meteobot
2026-01-18T23:59,VP OB 1 SIS,0.0,meteobot
2026-01-18T23:59,PITSTOP AMBON SIS,0.0,meteobot
2026-01-18T23:59,CSA BONTANG SIS,0.0,meteobot
2026-01-18T21:25:58.550516,IBALAN17,0.0,weather
2026-01-18T21:25:58.550516,ITABAL8,9.7,weather
2026-01-18T21:25:58.550516,ITABAL9,0.0,weather
2026-01-18T23:59,VP SABANG TIMUR SIS,0.0,meteobot
2026-01-18T23:59,VP OB 1 SIS,0.0,meteobot
2026-01-18T23:59,PITSTOP AMBON SIS,0.0,meteobot
2026-01-18T23:59,CSA BONTANG SIS,0.0,meteobot
2026-01-18T21:38:52.488202,IBALAN17,0.0,weather
2026-01-18T21:38:52.488202,ITABAL8,9.7,weather
2026-01-18T21:38:52.488202,ITABAL9,0.0,weather
2026-01-18T23:59,VP SABANG TIMUR SIS,0.0,meteobot
2026-01-18T23:59,VP OB 1 SIS,0.0,meteobot
2026-01-18T23:59,PITSTOP AMBON SIS,0.0,meteobot
2026-01-18T23:59,CSA BONTANG SIS,0.0,meteobot
2026-01-18T21:48:12.191751,IBALAN17,0.0,weather
2026-01-18T21:48:12.191751,ITABAL8,9.7,weather
2026-01-18T21:48:12.191751,ITABAL9,0.0,weather
2026-01-18T23:59,VP SABANG TIMUR SIS,0.0,meteobot
2026-01-18T23:59,VP OB 1 SIS,0.0,meteobot
2026-01-18T23:59,PITSTOP AMBON SIS,0.0,meteobot
2026-01-18T23:59,CSA BONTANG SIS,0.0,meteobot
2026-01-18T21:56:38.861379,IBALAN17,0.0,weather
2026-01-18T21:56:38.861379,ITABAL8,9.7,weather
2026-01-18T21:56:38.861379,ITABAL9,0.0,weather
2026-01-18T23:59,VP SABANG TIMUR SIS,0.0,meteobot
2026-01-18T23:59,VP OB 1 SIS,0.0,meteobot
2026-01-18T23:59,PITSTOP AMBON SIS,0.0,meteobot
2026-01-18T23:59,CSA BONTANG SIS,0.0,meteobot
2026-01-18T22:18:23.277436,IBALAN17,0.0,weather
2026-01-18T22:18:23.277436,ITABAL8,9.7,weather
2026-01-18T22:18:23.277436,ITABAL9,0.0,weather
2026-01-18T23:59,VP SABANG TIMUR SIS,0.0,meteobot
2026-01-18T23:59,VP OB 1 SIS,0.0,meteobot
2026-01-18T23:59,PITSTOP AMBON SIS,0.0,meteobot
2026-01-18T23:59,CSA BONTANG SIS,0.0,meteobot
2026-01-18T22:39:10.522069,IBALAN17,0.0,weather
2026-01-18T22:39:10.522069,ITABAL8,9.7,weather
2026-01-18T22:39:10.522069,ITABAL9,0.0,weather
2026-01-18T23:59,VP SABANG TIMUR SIS,0.0,meteobot
2026-01-18T23:59,VP OB 1 SIS,0.0,meteobot
2026-01-18T23:59,PITSTOP AMBON SIS,0.0,meteobot
2026-01-18T23:59,CSA BONTANG SIS,0.0,meteobot
2026-01-18T22:51:02.864771,IBALAN17,0.0,weather
2026-01-18T22:51:02.864771,ITABAL8,9.7,weather
2026-01-18T22:51:02.864771,ITABAL9,0.0,weather
2026-01-18T23:59,VP SABANG TIMUR SIS,0.0,meteobot
2026-01-18T23:59,VP OB 1 SIS,0.0,meteobot
2026-01-18T23:59,PITSTOP AMBON SIS,0.0,meteobot
2026-01-18T23:59,CSA BONTANG SIS,0.0,meteobot
2026-01-18T22:59:40.934982,IBALAN17,0.0,weather
2026-01-18T22:59:40.934982,ITABAL8,9.7,weather
2026-01-18T22:59:40.934982,ITABAL9,0.0,weather
2026-01-18T23:59,VP SABANG TIMUR SIS,0.0,meteobot
2026-01-18T23:59,VP OB 1 SIS,0.0,meteobot
2026-01-18T23:59,PITSTOP AMBON SIS,0.0,meteobot
2026-01-18T23:59,CSA BONTANG SIS,0.0,meteobot
2026-01-18T23:25:33.639630,IBALAN17,0.0,weather
2026-01-18T23:25:33.639630,ITABAL8,9.7,weather
2026-01-18T23:25:33.639630,ITABAL9,0.0,weather
2026-01-18T23:59,VP SABANG TIMUR SIS,0.0,meteobot
2026-01-18T23:59,VP OB 1 SIS,0.0,meteobot
2026-01-18T23:59,PITSTOP AMBON SIS,0.0,meteobot
2026-01-18T23:59,CSA BONTANG SIS,0.0,meteobot
2026-01-18T23:39:12.406053,IBALAN17,0.0,weather
2026-01-18T23:39:12.406053,ITABAL8,9.7,weather
2026-01-18T23:39:12.406053,ITABAL9,0.0,weather
2026-01-18T23:59,VP SABANG TIMUR SIS,0.0,meteobot
2026-01-18T23:59,VP OB 1 SIS,0.0,meteobot
2026-01-18T23:59,PITSTOP AMBON SIS,0.0,meteobot
2026-01-18T23:59,CSA BONTANG SIS,0.0,meteobot
2026-01-18T23:49:38.215262,IBALAN17,0.0,weather
2026-01-18T23:49:38.215262,ITABAL8,9.7,weather
2026-01-18T23:49:38.215262,ITABAL9,0.0,weather
2026-01-18T23:59,VP SABANG TIMUR SIS,0.0,meteobot
2026-01-18T23:59,VP OB 1 SIS,0.0,meteobot
2026-01-18T23:59,PITSTOP AMBON SIS,0.0,meteobot
2026-01-18T23:59,CSA BONTANG SIS,0.0,meteobot
2026-01-19T00:02:08.374357,IBALAN17,0.0,weather
2026-01-19T00:02:08.374357,ITABAL8,9.7,weather
2026-01-19T00:02:08.374357,ITABAL9,0.0,weather
2026-01-19T08:03,VP SABANG TIMUR SIS,0.0,meteobot
2026-01-19T08:02,VP OB 1 SIS,0.0,meteobot
2026-01-19T08:03,PITSTOP AMBON SIS,0.0,meteobot
2026-01-19T08:04,CSA BONTANG SIS,0.0,meteobot
2026-01-19T02:00:30.357870,IBALAN17,0.0,weather
2026-01-19T02:00:30.357870,ITABAL8,9.7,weather
2026-01-19T02:00:30.357870,ITABAL9,0.0,weather
2026-01-19T10:02,VP SABANG TIMUR SIS,0.0,meteobot
2026-01-19T10:00,VP OB 1 SIS,0.0,meteobot
2026-01-19T10:01,PITSTOP AMBON SIS,0.0,meteobot
2026-01-19T10:02,CSA BONTANG SIS,0.0,meteobot
2026-01-19T02:41:20.737316,IBALAN17,0.0,weather
2026-01-19T02:41:20.737316,ITABAL8,9.7,weather
2026-01-19T02:41:20.737316,ITABAL9,0.0,weather
2026-01-19T10:43,VP SABANG TIMUR SIS,0.0,meteobot
2026-01-19T10:41,VP OB 1 SIS,0.0,meteobot
2026-01-19T10:42,PITSTOP AMBON SIS,0.0,meteobot
2026-01-19T10:43,CSA BONTANG SIS,0.0,meteobot
2026-01-19T02:56:46.163927,IBALAN17,0.0,weather
2026-01-19T02:56:46.163927,ITABAL8,9.7,weather
2026-01-19T02:56:46.163927,ITABAL9,0.0,weather
2026-01-19T10:58,VP SABANG TIMUR SIS,0.0,meteobot
2026-01-19T10:56,VP OB 1 SIS,0.0,meteobot
2026-01-19T10:58,PITSTOP AMBON SIS,0.0,meteobot
2026-01-19T10:58,CSA BONTANG SIS,0.0,meteobot
2026-01-19T03:56:10.763900,IBALAN17,0.0,weather
2026-01-19T03:56:10.763900,ITABAL8,9.7,weather
2026-01-19T03:56:10.763900,ITABAL9,0.0,weather
2026-01-19T11:57,VP SABANG TIMUR SIS,0.0,meteobot
2026-01-19T11:56,VP OB 1 SIS,0.0,meteobot
2026-01-19T11:57,PITSTOP AMBON SIS,0.0,meteobot
2026-01-19T11:58,CSA BONTANG SIS,0.0,meteobot
2026-01-19T04:49:20.579358,IBALAN17,0.0,weather
2026-01-19T04:49:20.579358,ITABAL8,9.7,weather
2026-01-19T04:49:20.579358,ITABAL9,0.0,weather
2026-01-19T12:51,VP SABANG TIMUR SIS,0.0,meteobot
2026-01-19T12:49,VP OB 1 SIS,0.0,meteobot
2026-01-19T12:50,PITSTOP AMBON SIS,0.0,meteobot
2026-01-19T12:51,CSA BONTANG SIS,0.0,meteobot
2026-01-19T05:21:47.393183,IBALAN17,0.0,weather
2026-01-19T05:21:47.393183,ITABAL8,9.7,weather
2026-01-19T05:21:47.393183,ITABAL9,0.0,weather
2026-01-19T13:23,VP SABANG TIMUR SIS,0.0,meteobot
2026-01-19T13:21,VP OB 1 SIS,0.0,meteobot
2026-01-19T13:23,PITSTOP AMBON SIS,0.0,meteobot
2026-01-19T13:23,CSA BONTANG SIS,0.0,meteobot
2026-01-19T05:22:49.816497,IBALAN17,0.0,weather
2026-01-19T05:22:49.816497,ITABAL8,9.7,weather
2026-01-19T05:22:49.816497,ITABAL9,0.0,weather
2026-01-19T13:24,VP SABANG TIMUR SIS,0.0,meteobot
2026-01-19T13:22,VP OB 1 SIS,0.0,meteobot
2026-01-19T13:24,PITSTOP AMBON SIS,0.0,meteobot
2026-01-19T13:24,CSA BONTANG SIS,0.0,meteobot
2026-01-19T05:23:21.978621,IBALAN17,0.0,weather
2026-01-19T05:23:21.978621,ITABAL8,9.7,weather
2026-01-19T05:23:21.978621,ITABAL9,0.0,weather
2026-01-19T13:25,VP SABANG TIMUR SIS,0.0,meteobot
2026-01-19T13:23,VP OB 1 SIS,0.0,meteobot
2026-01-19T13:24,PITSTOP AMBON SIS,0.0,meteobot
2026-01-19T13:25,CSA BONTANG SIS,0.0,meteobot
2026-01-19T05:27:58.976544,IBALAN17,0.0,weather
2026-01-19T05:27:58.976544,ITABAL8,9.7,weather
2026-01-19T05:27:58.976544,ITABAL9,0.0,weather
2026-01-19T13:29,VP SABANG TIMUR SIS,0.0,meteobot
2026-01-19T13:27,VP OB 1 SIS,0.0,meteobot
2026-01-19T13:29,PITSTOP AMBON SIS,0.0,meteobot
2026-01-19T13:29,CSA BONTANG SIS,0.0,meteobot
2026-01-19 14:02:29,IBALAN17,0.0,weather
2026-01-19 14:02:29,ITABAL8,9.7,weather
2026-01-19 14:02:29,ITABAL9,0.0,weather
2026-01-19T14:04,VP SABANG TIMUR SIS,0.0,meteobot
2026-01-19T14:02,VP OB 1 SIS,0.0,meteobot
2026-01-19T14:03,PITSTOP AMBON SIS,0.0,meteobot
2026-01-19T14:04,CSA BONTANG SIS,0.0,meteobot
2026-01-19 14:19:52,IBALAN17,0.0,weather
2026-01-19 14:19:52,ITABAL8,9.7,weather
2026-01-19 14:19:52,ITABAL9,0.0,weather
2026-01-19T14:21,VP SABANG TIMUR SIS,0.0,meteobot
2026-01-19T14:19,VP OB 1 SIS,0.0,meteobot
2026-01-19T14:21,PITSTOP AMBON SIS,0.2,meteobot
2026-01-19T14:21,CSA BONTANG SIS,0.0,meteobot
2026-01-19 14:59:57,IBALAN17,0.0,weather
2026-01-19 14:59:57,ITABAL8,10.49,weather
2026-01-19 14:59:57,ITABAL9,0.0,weather
2026-01-19T15:01,VP SABANG TIMUR SIS,0.0,meteobot
2026-01-19T14:59,VP OB 1 SIS,0.0,meteobot
2026-01-19T15:01,PITSTOP AMBON SIS,0.0,meteobot
2026-01-19T15:01,CSA BONTANG SIS,0.0,meteobot
2026-01-19 15:35:03,IBALAN17,0.0,weather
2026-01-19 15:35:03,ITABAL8,11.2,weather
2026-01-19 15:35:03,ITABAL9,0.0,weather
2026-01-19T15:36,VP SABANG TIMUR SIS,0.0,meteobot
2026-01-19T15:35,VP OB 1 SIS,0.0,meteobot
2026-01-19T15:36,PITSTOP AMBON SIS,0.0,meteobot
2026-01-19T15:36,CSA BONTANG SIS,0.0,meteobot
2026-01-19 15:52:51,IBALAN17,0.0,weather
2026-01-19 15:52:51,ITABAL8,11.2,weather
2026-01-19 15:52:51,ITABAL9,0.0,weather
2026-01-19T15:54,VP SABANG TIMUR SIS,0.0,meteobot
2026-01-19T15:52,VP OB 1 SIS,0.0,meteobot
2026-01-19T15:54,PITSTOP AMBON SIS,0.0,meteobot
2026-01-19T15:54,CSA BONTANG SIS,0.0,meteobot
2026-01-19 16:17:47,IBALAN17,0.0,weather
2026-01-19 16:17:47,ITABAL8,11.2,weather
2026-01-19 16:17:47,ITABAL9,0.0,weather
2026-01-19T16:19,VP SABANG TIMUR SIS,0.0,meteobot
2026-01-19T16:17,VP OB 1 SIS,0.0,meteobot
2026-01-19T16:19,PITSTOP AMBON SIS,0.0,meteobot
2026-01-19T16:19,CSA BONTANG SIS,0.0,meteobot
2026-01-19 16:52:11,IBALAN17,0.0,weather
2026-01-19 16:52:11,ITABAL8,11.2,weather
2026-01-19 16:52:11,ITABAL9,0.0,weather
2026-01-19T16:54,VP SABANG TIMUR SIS,0.0,meteobot
2026-01-19T16:52,VP OB 1 SIS,0.0,meteobot
2026-01-19T16:53,PITSTOP AMBON SIS,0.0,meteobot
2026-01-19T16:54,CSA BONTANG SIS,0.0,meteobot
2026-01-19 17:20:58,IBALAN17,0.0,weather
2026-01-19 17:20:58,ITABAL8,11.2,weather
2026-01-19 17:20:58,ITABAL9,0.0,weather
2026-01-19T17:22,VP SABANG TIMUR SIS,0.0,meteobot
2026-01-19T17:20,VP OB 1 SIS,0.0,meteobot
2026-01-19T17:22,PITSTOP AMBON SIS,0.0,meteobot
2026-01-19T17:22,CSA BONTANG SIS,0.0,meteobot
2026-01-19 17:52:51,IBALAN17,0.0,weather
2026-01-19 17:52:51,ITABAL8,11.2,weather
2026-01-19 17:52:51,ITABAL9,0.0,weather
2026-01-19T17:54,VP SABANG TIMUR SIS,0.0,meteobot
2026-01-19T17:52,VP OB 1 SIS,0.0,meteobot
2026-01-19T17:54,PITSTOP AMBON SIS,0.0,meteobot
2026-01-19T17:54,CSA BONTANG SIS,0.0,meteobot
2026-01-19 18:16:25,IBALAN17,0.0,weather
2026-01-19 18:16:25,ITABAL8,11.2,weather
2026-01-19 18:16:25,ITABAL9,0.0,weather
2026-01-19T18:18,VP SABANG TIMUR SIS,0.0,meteobot
2026-01-19T18:16,VP OB 1 SIS,0.0,meteobot
2026-01-19T18:17,PITSTOP AMBON SIS,0.0,meteobot
2026-01-19T18:18,CSA BONTANG SIS,0.0,meteobot
2026-01-19 18:49:37,IBALAN17,0.0,weather
2026-01-19 18:49:37,ITABAL8,11.2,weather
2026-01-19 18:49:37,ITABAL9,0.0,weather
2026-01-19T18:51,VP SABANG TIMUR SIS,0.0,meteobot
2026-01-19T18:49,VP OB 1 SIS,0.0,meteobot
2026-01-19T18:50,PITSTOP AMBON SIS,0.0,meteobot
2026-01-19T18:51,CSA BONTANG SIS,0.0,meteobot
2026-01-19 19:02:56,IBALAN17,0.0,weather
2026-01-19 19:02:56,ITABAL8,11.2,weather
2026-01-19 19:02:56,ITABAL9,0.0,weather
2026-01-19T19:04,VP SABANG TIMUR SIS,0.0,meteobot
2026-01-19T19:02,VP OB 1 SIS,0.0,meteobot
2026-01-19T19:04,PITSTOP AMBON SIS,0.0,meteobot
2026-01-19T19:04,CSA BONTANG SIS,0.0,meteobot
2026-01-19 19:31:15,IBALAN17,0.0,weather
2026-01-19 19:31:15,ITABAL8,11.2,weather
2026-01-19 19:31:15,ITABAL9,0.0,weather
2026-01-19T19:33,VP SABANG TIMUR SIS,0.0,meteobot
2026-01-19T19:31,VP OB 1 SIS,0.0,meteobot
2026-01-19T19:32,PITSTOP AMBON SIS,0.0,meteobot
2026-01-19T19:33,CSA BONTANG SIS,0.0,meteobot
2026-01-19 19:46:49,IBALAN17,0.0,weather
2026-01-19 19:46:49,ITABAL8,11.2,weather
2026-01-19 19:46:49,ITABAL9,0.0,weather
2026-01-19T19:48,VP SABANG TIMUR SIS,0.0,meteobot
2026-01-19T19:46,VP OB 1 SIS,0.0,meteobot
2026-01-19T19:48,PITSTOP AMBON SIS,0.0,meteobot
2026-01-19T19:48,CSA BONTANG SIS,0.0,meteobot
2026-01-19 19:56:10,IBALAN17,0.0,weather
2026-01-19 19:56:10,ITABAL8,11.2,weather
2026-01-19 19:56:10,ITABAL9,0.0,weather
2026-01-19T19:58,VP SABANG TIMUR SIS,0.0,meteobot
2026-01-19T19:56,VP OB 1 SIS,0.0,meteobot
2026-01-19T19:57,PITSTOP AMBON SIS,0.0,meteobot
2026-01-19T19:58,CSA BONTANG SIS,0.0,meteobot
2026-01-19 20:42:25,IBALAN17,0.0,weather
2026-01-19 20:42:25,ITABAL8,11.2,weather
2026-01-19 20:42:25,ITABAL9,0.0,weather
2026-01-19T20:44,VP SABANG TIMUR SIS,0.0,meteobot
2026-01-19T20:42,VP OB 1 SIS,0.0,meteobot
2026-01-19T20:43,PITSTOP AMBON SIS,0.0,meteobot
2026-01-19T20:44,CSA BONTANG SIS,0.0,meteobot
2026-01-19 21:33:28,IBALAN17,0.0,weather
2026-01-19 21:33:28,ITABAL8,11.2,weather
2026-01-19 21:33:28,ITABAL9,0.0,weather
2026-01-19T21:35,VP SABANG TIMUR SIS,0.0,meteobot
2026-01-19T21:33,VP OB 1 SIS,0.0,meteobot
2026-01-19T21:34,PITSTOP AMBON SIS,0.0,meteobot
2026-01-19T21:35,CSA BONTANG SIS,0.0,meteobot
2026-01-19 22:01:43,IBALAN17,0.0,weather
2026-01-19 22:01:43,ITABAL8,11.2,weather
2026-01-19 22:01:43,ITABAL9,0.0,weather
2026-01-19T22:03,VP SABANG TIMUR SIS,0.0,meteobot
2026-01-19T22:01,VP OB 1 SIS,0.0,meteobot
2026-01-19T22:02,PITSTOP AMBON SIS,0.0,meteobot
2026-01-19T22:03,CSA BONTANG SIS,0.0,meteobot
2026-01-19 22:38:04,IBALAN17,0.0,weather
2026-01-19 22:38:04,ITABAL8,11.2,weather
2026-01-19 22:38:04,ITABAL9,0.0,weather
2026-01-19T22:39,VP SABANG TIMUR SIS,0.0,meteobot
2026-01-19T22:38,VP OB 1 SIS,0.0,meteobot
2026-01-19T22:39,PITSTOP AMBON SIS,0.0,meteobot
2026-01-19T22:39,CSA BONTANG SIS,0.0,meteobot
2026-01-19 22:58:25,IBALAN17,0.0,weather
2026-01-19 22:58:25,ITABAL8,11.2,weather
2026-01-19 22:58:25,ITABAL9,0.0,weather
2026-01-19T23:00,VP SABANG TIMUR SIS,0.0,meteobot
2026-01-19T22:58,VP OB 1 SIS,0.0,meteobot
2026-01-19T22:59,PITSTOP AMBON SIS,0.0,meteobot
2026-01-19T23:00,CSA BONTANG SIS,0.0,meteobot
2026-01-19 23:29:43,IBALAN17,0.0,weather
2026-01-19 23:29:43,ITABAL8,11.2,weather
2026-01-19 23:29:43,ITABAL9,0.0,weather
2026-01-19T23:31,VP SABANG TIMUR SIS,0.0,meteobot
2026-01-19T23:29,VP OB 1 SIS,0.0,meteobot
2026-01-19T23:31,PITSTOP AMBON SIS,0.0,meteobot
2026-01-19T23:31,CSA BONTANG SIS,0.0,meteobot
2026-01-19 23:51:18,IBALAN17,0.0,weather
2026-01-19 23:51:18,ITABAL8,11.2,weather
2026-01-19 23:51:18,ITABAL9,0.0,weather
2026-01-19T23:53,VP SABANG TIMUR SIS,0.0,meteobot
2026-01-19T23:51,VP OB 1 SIS,0.0,meteobot
2026-01-19T23:52,PITSTOP AMBON SIS,0.0,meteobot
2026-01-19T23:53,CSA BONTANG SIS,0.0,meteobot
2026-01-20 00:01:37,IBALAN17,0.0,weather
2026-01-20 00:01:37,ITABAL8,0.0,weather
2026-01-20 00:01:37,ITABAL9,0.0,weather
2026-01-19T23:59,VP SABANG TIMUR SIS,0.0,meteobot
2026-01-19T23:59,VP OB 1 SIS,0.0,meteobot
2026-01-19T23:59,PITSTOP AMBON SIS,0.0,meteobot
2026-01-19T23:59,CSA BONTANG SIS,0.0,meteobot
2026-01-20 00:40:34,IBALAN17,0.0,weather
2026-01-20 00:40:34,ITABAL8,0.0,weather
2026-01-20 00:40:34,ITABAL9,0.0,weather
2026-01-19T23:59,VP SABANG TIMUR SIS,0.0,meteobot
2026-01-19T23:59,VP OB 1 SIS,0.0,meteobot
2026-01-19T23:59,PITSTOP AMBON SIS,0.0,meteobot
2026-01-19T23:59,CSA BONTANG SIS,0.0,meteobot
2026-01-20 01:00:44,IBALAN17,0.0,weather
2026-01-20 01:00:44,ITABAL8,0.0,weather
2026-01-20 01:00:44,ITABAL9,0.0,weather
2026-01-19T23:59,VP SABANG TIMUR SIS,0.0,meteobot
2026-01-19T23:59,VP OB 1 SIS,0.0,meteobot
2026-01-19T23:59,PITSTOP AMBON SIS,0.0,meteobot
2026-01-19T23:59,CSA BONTANG SIS,0.0,meteobot
